id,Peptide Sequence,AMP/non-AMP,Activity against S. Aureus
amp0001,LENKLKLYGFNNLTKTLSFNIYDVCYAKSEREQKDYIA,non-AMP,-
amp0002,GRKVLAAIIECTRHFGNIKGHLANLSHLHSEKLHVDPH,non-AMP,-
amp0003,GRIDPQEALALIKAAKAKEIAQMLV,non-AMP,-
amp0004,DSTIVFPRPLTR,non-AMP,-
amp0005,AAGFVFSGVSPDNRL,non-AMP,-
amp0006,PDQLMELCWKICM,non-AMP,-
amp0007,GAEVFHALKKILHDKGISTAVGDEG,non-AMP,-
amp0008,AKVVVPNSGESFEVM,non-AMP,-
amp0009,NIPTVFVSGGPMAAGKTSKGDVV,non-AMP,-
amp0010,DLSYNQLQKIMLRTTFLRTPRQLMR,non-AMP,-
amp0011,TEELLKKIEEKGVKLAFLTLHVGLGTFRPVKVE,non-AMP,-
amp0012,TVIDVGINRMDDGKLCGDVDFDAAAERAAYITPVPGGVGPMTIATLL,non-AMP,-
amp0013,ADGYSYEREAIEAWISTKNRTS,non-AMP,-
amp0014,PFSNITQGYTVSDTTSEALRAVLLVQSLPDFEKLVDIPRLRLS,non-AMP,-
amp0015,AQAKQLTESNSTFTPALHTLFLQRWRLSLVVQATTLNQQL,non-AMP,-
amp0016,GADIRCFVVGGKVVAAMKRQGAPGEF,non-AMP,-
amp0017,AYNGYPYQAQGAPGGFNNYNNQFQPQQQSQGMTLDDFHK,non-AMP,-
amp0018,KEKKARVEDALHATRAAVEEGIVPGGGVALIRARNAISNLRCDNP,non-AMP,-
amp0019,FKSKEGVKLPRGEERNILEAA,non-AMP,-
amp0020,CLCVLYHGYIYTYRVSQTETGSWSAETAP,non-AMP,-
amp0021,IDSYIEEKYKLTIPEIFSKHGEQYFRNLEF,non-AMP,-
amp0022,LGRLPNAFGWVKKREAKR,non-AMP,-
amp0023,LEQFGTIEIARADY,non-AMP,-
amp0024,TLTDEQLMMLVWEALIEAADTTLVTTEWAM,non-AMP,-
amp0025,KSPKWFNCKNWMHFFLLYLFLTASNLIVQLAYFSKEMCSQGINV,non-AMP,-
amp0026,RGGSGPARRVLDQVDFAVAAG,non-AMP,-
amp0027,LREEDASHITKDEILNCINSFVGTIDQ,non-AMP,-
amp0028,SDSSLLHDNSRLDLSQNKGVSDYKGYYSRNNSR,non-AMP,-
amp0029,LIALIEDGDMIDIDIPKRSMVLDVSDSE,non-AMP,-
amp0030,PAKGDKFDPHLHQAVTEQPSTE,non-AMP,-
amp0031,TESLPKSVKVTVLSDRTTNIRASVNDTQFELMMAIALVVMI,non-AMP,-
amp0032,LDTAKISVQAGRGGDGMVAFRREK,non-AMP,-
amp0033,CDWALGVCNNSWIRKNSTMVNSEDIFLLLCLKVDNHFNLLTTSPVFP,non-AMP,-
amp0034,RETGIGDVPLVILLDDLSEAGSISELVNGALTCKYHKCPYIIGTT,non-AMP,-
amp0035,EKELKNLTELEDEHLAKRARQGEEDNEYTESYSDDDS,non-AMP,-
amp0036,SSIGSFFAPCLIMILVYLR,non-AMP,-
amp0037,VGWLWISFLYGGMSWRSWRKKKSKIRADAEDQAKAVIQEEF,non-AMP,-
amp0038,RLQGVHRAAFRGLSRLTILYLFNNSLASLP,non-AMP,-
amp0039,DHCAKGNFRALGKKYAKATPKV,non-AMP,-
amp0040,DLARIITAESGKP,non-AMP,-
amp0041,FNKRVQDRLKSNEKVTWCCELKLDGLAVSILYENGVLVSAATR,non-AMP,-
amp0042,IRMTEHQTKNTAAAHMEEFYRPFQEVRDEKFDGLIITGAPIE,non-AMP,-
amp0043,ASGNTALHICALYNKETCARILLYRGADK,non-AMP,-
amp0044,SPYLTTSNEESLE,non-AMP,-
amp0045,NGIVASDAPKDVK,non-AMP,-
amp0046,WFLACAADFFRPSALHRAYSYTWIFIATWIMLVINTVYAN,non-AMP,-
amp0047,DALYPFCLLKRESLEVLEQQIDKQQLSLKNCFKLLHAQVAIFQKQNLFFH,non-AMP,-
amp0048,AITTANNALSAFIDNHIHQG,non-AMP,-
amp0049,QIPQDYINVRKVLRLSPQKF,non-AMP,-
amp0050,QAANSLLNNAFGQRQISTIYQPMNQYKVVMEVDPRY,non-AMP,-
amp0051,CVFESAPGPGGPFAL,non-AMP,-
amp0052,SQVLKELQEAKTAYPNAFIRIIGFDNVRQVQCI,non-AMP,-
amp0053,YVQNYNGNLGAFSYNEGAGT,non-AMP,-
amp0054,SRSGYLQRCLMKHLEGLCVQYDHTVRDSDGSIV,non-AMP,-
amp0055,RAVVPGSIIVDGGSGYCKYGWSKYAAPSGRCATFLEF,non-AMP,-
amp0056,VRFERLGRDRKRV,non-AMP,-
amp0057,ALVTACASEPMYAKTIDERGLSPVLVAKGQLSQ,non-AMP,-
amp0058,AGDWKTTFTVAQNERFDADYA,non-AMP,-
amp0059,CEVYDNGLKDFVQKVFTDPHTGNL,non-AMP,-
amp0060,AAGKVLKLLKKLL,AMP,Negative
amp0061,SWLSKTYKKLENSAKKRIAEGIAIALRGGPR,AMP,Negative
amp0062,SWLSKTWKKLENSGKKRIAEGIAIALKGGAR,AMP,Negative
amp0063,SWLSKTAKKLENSAKKRIAEGIAIAIQGGPR,AMP,Negative
amp0064,FFSLIPKLVGKLISAFK,AMP,Positive
amp0065,FFSLIPKLVGKLIKAFK,AMP,Positive
amp0066,VKWVKKVVKWVKKV,AMP,Negative
amp0067,IIPLPLKKFAKKT,AMP,Negative
amp0068,KIPKPLKKFAKKT,AMP,Negative
amp0069,IIPLPLKKFLKKL,AMP,Negative
amp0070,IIPLPLGYFAKKT,AMP,Negative
amp0071,KIPKPLKKFLKKL,AMP,Negative
amp0072,IILLLLKKFLKKL,AMP,Positive
amp0073,KILKLLKKFLKKL,AMP,Positive
amp0074,WILLLLKKFLKKL,AMP,Positive
amp0075,IWLLLLKKFLKKL,AMP,Positive
amp0076,VFVVVTLLKKVKLLC,AMP,Negative
amp0077,IILLLLKKFWKKL,AMP,Positive
amp0078,IILLLLKKFLKKW,AMP,Positive
amp0079,IILLLLKKFWKKW,AMP,Positive
amp0080,IWLLLLKKFWKKW,AMP,Positive
amp0081,KKRVKKFFRKPRVIGVTFPF,AMP,Negative
amp0082,KRWKKFFRKVIKFF,AMP,Positive
amp0083,KRLKKIFKKMIKIF,AMP,Positive
amp0084,GLWNSIKIA,AMP,Negative
amp0085,LFVNVLDKIR,AMP,Negative
amp0086,FVNVLDKIR,AMP,Negative
amp0087,VNVLDKIR,AMP,Negative
amp0088,FVNVLDKI,AMP,Negative
amp0089,GVIIDTLKGAAKTVAAELLRKAH,AMP,Negative
amp0090,GVIIDTLKGAAKTVAAELL,AMP,Negative
amp0091,GVIIKTLKGAAKTVAAKLL,AMP,Negative
amp0092,GVIIKTL,AMP,Negative
amp0093,GVIIKTLKGAAKTV,AMP,Negative
amp0094,GVIIKKLKGAAKKVAAKLL,AMP,Negative
amp0095,GKWMKLLKKILK,AMP,Positive
amp0096,GKWKKLLKKILK,AMP,Negative
amp0097,GKWMKMLKKILK,AMP,Negative
amp0098,GKWLKLLKKILK,AMP,Positive
amp0099,GKWVKLLKKILK,AMP,Positive
amp0100,YGHGGHGGHGGHGGHGGFGGFGGGFGR,AMP,Positive
amp0101,VKLIVAVKIWKK,AMP,Negative
amp0102,KWKWWWKWK,AMP,Positive
amp0103,KKKWWWKKK,AMP,Negative
amp0104,RRRWWWRRR,AMP,Negative
amp0105,WWKKWKKWW,AMP,Positive
amp0106,LKLKLKLTGKLKLKL,AMP,Positive
amp0107,LKLKLKNGKLKLKL,AMP,Negative
amp0108,LKLKLKRDGKLKLKL,AMP,Negative
amp0109,LKLKLKNPDGKLKLKL,AMP,Negative
amp0110,LKLKLKEGNKKLKLKL,AMP,Negative
amp0111,LKLKLKRDNKLKLKL,AMP,Negative
amp0112,RWKRHISEQLRRRDRLQR,AMP,Negative
amp0113,RWKRHISEQLRRRDRLQRQAF,AMP,Negative
amp0114,FIHHIIGALGHLF,AMP,Negative
amp0115,FIRRIIGALGRLF,AMP,Positive
amp0116,FIKKIIGALGKLF,AMP,Positive
amp0117,FIKHIIGALGHLF,AMP,Positive
amp0118,FIKRIIGALGKLF,AMP,Positive
